<?xml version="1.0" encoding="UTF-8"?>
<beans
	xmlns="http://www.springframework.org/schema/beans"
	xmlns:xsi="http://www.w3.org/2001/XMLSchema-instance"
	xmlns:p="http://www.springframework.org/schema/p"
	xsi:schemaLocation="http://www.springframework.org/schema/beans http://www.springframework.org/schema/beans/spring-beans-4.1.xsd">

	<bean id="ampdatasource" class="org.apache.commons.dbcp.BasicDataSource">
	<property name="driverClassName">
		<value>com.microsoft.sqlserver.jdbc.SQLServerDriver</value>
	</property>
	<property name="url">
		<value>jdbc:sqlserver://192.168.3.31:1433;databaseName=att2000SQL;</value>
	</property>
	<property name="username"  value ="fongyisa" />
	<property name="password" value ="F0ngY!$@"></property>
	</bean>

	<bean id="ampjdbctemplate"  class ="org.springframework.jdbc.core.JdbcTemplate">
		<!-- <property name="dataSource"  ref="datasource"/> -->
		<constructor-arg ref ="ampdatasource"/>
	</bean>
		
</beans>